Tracy;Blumstein;06.05.1999;Hoyts Entertainment Quarter 122 Lang Road,Moore Park
Victoira;Wilson;26.07.2003;1/160 Anzac Parade,Kensington
Daniel;Byrd;29.06.2001;127 Liverpool St
Tamara;Dahlen;12.02.2002;61 York St,Sydney
Scot;Wooten;14.05.1997;438 Victoria Avenue,Chatswood
Jenna;Caffey;15.05.1996;470 Anzac Parade,Kingsford
Sean;Wendt;18.02.2003;145 Ramsay St,Haberfield
Rick;Reed;20.02.2003;Sydney Fish Market, Bank Street, Sydney
Toby;Swindell;22.02.2003;273 George Street,Sydney
Giulietta;Weimer;23.02.1978;48 Albion St,Surry Hills
Sylvia;Foulston;24.02.1987;152 Bunnerong Road,Eastgardens
Katherine;Ducich;25.02.1999;61A Bay Road,Wollstonecraft
Natalie;Webber;26.02.1994;98-104 Parramatta Rd,Camperdown
Art;Foster;11.03.1991;Westfield Parramatta,Parramatta
Becky;Martin;23.05.1992;53-55 Liverpool Street,Sydney
Denny;Ordway;26.05.1991;523 King St,Newtown
Luke;Schmidt;27.05.1997;73 York St,Sydney
Lisa;DeCherney;15.10.1998;324A King St,Newtown
Troy;Staebel;02.05.1993;1-2/299 Sussex St,Sydney
Dario;Medina;03.05.1989;60 York St,Sydney
Lynn;Smith;04.05.1986;61A Bay Road,Wollstonecraft
Grant;Carroll;07.05.1975;10 O'Connell St,Sydney
Liz;Pelletier;09.05.1989;79 Elliott St,Balmain
Don;Weiss;18.04.1978;79 Elliott St,Balmain
Deborah;Brumfield;05.06.1986;501 George St,Sydney
Erica;Hernandez;06.06.1996;12 Princess Hwy,Sylvania
Janet;Martin;07.06.1997;24 Addison Rd,Marrickville
Beth;Thompson;09.06.1993;85-113 Dunning Ave,Roseberry
Nora;Paige;10.06.1999;85-113 Dunning Ave,Roseberry
Jim;Kriz;11.06.2001;85-113 Dunning Ave,Roseberry
Steve;Nguyen;15.06.2002;61 York St,Sydney
Kelly;Lampkin;28.05.1994;310 Wattle St,Ultimo
Eugene;Moren;29.05.1987;85-113 Dunning Ave,Rosebery
Anthony;Rawles;29.05.1994;Shop 1, 186-190 Church Street,Parramatta;46a Macleay Street,Potts Point
Rick;Duston;31.05.1981;260 Marrickville Rd,Marrickville
Raymond;Fair;31.05.1982;188 Pitt Street,Sydney
Jim;Epp;02.06.2002;Macquarie Centre Cnr Herring Road & Waterloo Road,Macquarie Park
Mike;Vittorini;04.06.1983;211/25-29 Dixon St,Haymarket
Mick;Brown;26.03.1984;523 King St,Newtown
Christina;Vanderzanden;16.03.1985;188 Pitt Street,Sydney
Erica ;Smith;27.03.1986;188 Pitt Street,Sydney
Noah;Childs;27.04.1987;78 Stanley St,Darlinghurst
Barry;Weirich;28.04.1988;105 Pitt St,Sydney
Jack;OBriant;30.04.1989;85-113 Dunning Ave,Rosebery
Brad;Eason;20.05.1967;1737 Botany Rd,Banksmeadow
Bras;Thomas Boland;19.05.1999;152 Bunnerong Road,Eastgardens
Peter;Fuller;16.11.2005;Westfield Miranda, 600 Kingsway,Miranda
Erin;Ashbrook;17.11.1993;61 York St,Sydney
Phillip;Flathman;18.11.1995;Macquarie Centre Cnr Herring Road & Waterloo Road,Macquarie Park
Thomas;Boland;18.11.1984;3/219 Canley Vale Road,Canley Heights
Chuck;Magee;19.11.1994;1-2/299 Sussex St,Sydney
Cindy;Stewart;20.11.1969;1/173-179 Bronte Rd,Waverley
Justin;Hirsh;23.11.2000;Qantas Domestic Terminal,Mascot
Sarah;Foster;23.11.1989;Sydney Fish Market, Bank Street, Sydney
Maya;Herman;29.11.1972;273 George Street,Sydney
Gary;Hwang;08.12.1958;60 York St,Sydney
Larry ;Tron;08.12.2000;4A Lyons St,Strathfield
Dan ;Cambpell;09.12.1985;1/173-179 Bronte Rd,Waverley
Eric;Barreto;10.12.1986;359 Crown Street,Surry Hills
Bill;Stewart;11.12.2000;188 Pitt Street,Sydney
Joseph;Airdo;13.12.1993;Westfield Sydney,Sydney
Ben;Peterman;13.12.2000;485 Crown St,Surry Hills
Dave;Poirier;12.08.1991;402 Argyle St,Moss Vale
Justin;Knight;14.08.1996;Macquarie Centre Cnr Herring Road & Waterloo Road,Macquarie Park
Aaron;Bergman;15.08.2000;Westfield Sydney,Sydney
Valeria;Dominguez;17.08.1976;152 Bunnerong Road,Eastgardens
Jennifer;Patt;20.08.1984;523 King St,Newtown
Cynthia;Arntzen;20.08.1992;Hoyts Entertainment Quarter 122 Lang Road,Moore Park
Bradley;Drucker;22.08.1997;1 John St,Waterloo
Skye;Norling;24.08.1983;48 Albion St,Surry Hills
Bruce;Degenhardt;25.08.1978;501 George St,Sydney
John;Castell;25.08.1988;38/133-145 Castlereagh St,Sydney
Neil;Neil French;28.08.1996;523 King St,Newtown
Roy;Collins;26.06.1993;Westfield Sydney,Sydney
Adam;Bellavance;29.06.2000;106 Ebley Street,Bondi Junction
Mitch;Gastineau;30.06.1967;85-113 Dunning Ave,Rosebery
Stuart;Calhoun;02.07.1998;359 Crown Street,Surry Hills
Mitch;Webber;03.07.2000;Hoyts Entertainment Quarter 122 Lang Road,Moore Park
Aaron;Smayling;06.07.1988;1737 Botany Rd,Banksmeadow
Julie;Kriz;10.07.2009;Macquarie Centre Cnr Herring Road & Waterloo Road,Macquarie Park
George;Zrebassa;16.07.2000;81 MacLeay St,Potts Point
Adam;Shillingsburg;21.07.1988;Westfield Parramatta,Parramatta
Rick;Hansen;22.07.1977;Macquarie Centre Cnr Herring Road & Waterloo Road,Macquarie Park
Edward;Becker;22.07.2000;501 George St,Sydney
Karl;Brown;24.07.1985;470 Anzac Parade,Kingsford
Shadid;Shariari;26.10.2000;3/219 Canley Vale Road,Canley Heights
Sung;Chung;29.10.1987;127 Liverpool St,Sydney
Kristina;Nunn;01.11.1976;22 Civic Rd,Auburn
Jeremy;Lonsdale;03.11.2001;163 Concord Road,North Strathfield
Victoria;Pisteka;05.11.1965;Westfield Sydney,Sydney
Liz;Carlisle;05.11.1970;797 Botany Rd,Rosebery
Dennis;Kane;07.11.1989;33/4 Barangaroo Avenue,Sydney
Liz;Liz Price;15.11.1993;Sydney Fish Market, Bank Street, Sydney
Pamela;Stobb;16.11.1977;273 George Street,Sydney
Paul; Lucas;24.06.1984;8 Quay Street,Haymarket
Carlos; Meador;21.06.1979;152 Bunnerong Road,Eastgardens
Thais;Sissman;28.07.1999;53-55 Liverpool St,Sydney
Corinna; Mitchell;30.07.1990;27 Greenfield Parade,Bankstown
Harold;Ryan;08.08.1973;4A Lyons St,Strathfield
Kean;Takahito;09.08.1995;21 Wentworth St,Parramatta
Nancy;Lomonaco;30.08.1989;523 King St,Newtown
Carol;Triggs;01.09.2000;644 George St,Sydney
Andrew;Allen;02.09.1989;797 Botany Rd,Rosebery
Max;Ludwig;04.09.1975;6-8 O'Connell Street,Newtown
Grant;Thornton;10.09.2000;98 Holdsworth Street,Woollahra
Victoria;Brennan;12.09.1970;Westfield 1 Anderson St,Chatswood
Sarah; Brown;12.09.1999;10 O'Connell St,Sydney
Michael; Granlund;12.09.1979;359 Crown Street,Surry Hills
Jasper; Cacioppo;14.09.1982;24 Addison Rd,Marrickville
Marina; Lichtenstein;17.09.1996;188 Pitt Street,Sydney
Fred; Wasserman;18.09.1955;61 York St,Sydney
Ann; Chong;20.09.1954;7 Khartoum Rd,Macquarie Park
Nick; Crebagga;22.09.1977;53-55 Liverpool St,Sydney
Chloris; Kastensmidt;23.09.2000;7/370-374 Victoria Ave,Chatswood
Aleksandra; Gannaway;26.09.1999;Hoyts Entertainment Quarter 122 Lang Road,Moore Park
Michael; Grace;27.09.1980;402 Argyle St,Moss Vale
Cynthia; Delaney;30.09.1993;1/160 Anzac Parade,Kensington
Darrin; Sayre;21.10.1995;Sydney Fish Market, Bank Street, Sydney
Carlos; Daly;04.10.2001;5/63-71 Enmore Rd,Newtown
Joni; Wasserman;05.10.1988;Westfield Sydney,Sydney
Neil; Knudson;05.10.2004;4A Lyons St,Strathfield
Roy; Skaria;25.10.2001;2/797 Botany Rd,Rosebery
Frank; Merwin;09.10.2008;24 Addison Rd,Marrickville
Amy; Cox;11.10.1989;523 King St,Newtown
